<?xml version="1.0" encoding="UTF-8"?>
<Configuration status="WARN">
    <Appenders>
        <Console name="Console" target="SYSTEM_OUT">
            <PatternLayout
                    pattern="%d{yyyy-MM-dd HH:mm:ss.SSS} [%t] %-5level %logger{36} - %msg%n" />
        </Console>
    </Appenders>
    <Loggers>
        logger.setLevel(Level.ALL); // or any other logging level

        <Root level="debug">
            <AppenderRef ref="Console" />
        </Root>
    </Loggers>
</Configuration>
